[
{
   "model": "booking_portal.instrument",
   "pk": 1,
   "fields": {
      "name": "FESEM",
      "desc": "Field Emmission Scanning Electron Microscope"
   }
},
{
   "model": "booking_portal.instrument",
   "pk": 2,
   "fields": {
      "name": "TCS-PC",
      "desc": "TCS-PC"
   }
},
{
   "model": "booking_portal.instrument",
   "pk": 3,
   "fields": {
      "name": "FTIR",
      "desc": "Fourier Transform Infrared Spectrometer"
   }
},
{
   "model": "booking_portal.instrument",
   "pk": 4,
   "fields": {
      "name": "LCMS",
      "desc": "Liquid Chromatography - Mass Spectroscopy"
   }
},
{
   "model": "booking_portal.instrument",
   "pk": 5,
   "fields": {
      "name": "Rheometer",
      "desc": "Rheometer"
   }
},
{
   "model": "booking_portal.instrument",
   "pk": 6,
   "fields": {
      "name": "AAS",
      "desc": "Atomic Absorption Spectroscopy"
   }
},
{
   "model": "booking_portal.instrument",
   "pk": 7,
   "fields": {
      "name": "TGA",
      "desc": "Thermogravimetric Analysis"
   }
},
{
   "model": "booking_portal.instrument",
   "pk": 8,
   "fields": {
      "name": "BET",
      "desc": "Brunauer-Emmett-Teller"
   }
},
{
   "model": "booking_portal.instrument",
   "pk": 9,
   "fields": {
      "name": "CDSpectrophotometer",
      "desc": "CDSpectrophotometer"
   }
},
{
   "model": "booking_portal.instrument",
   "pk": 10,
   "fields": {
      "name": "LSCM",
      "desc": "LSCM"
   }
},
{
   "model": "booking_portal.instrument",
   "pk": 11,
   "fields": {
      "name": "DSC",
      "desc": "DSC"
   }
},
{
   "model": "booking_portal.instrument",
   "pk": 12,
   "fields": {
      "name": "GC",
      "desc": "GC"
   }
},
{
   "model": "booking_portal.instrument",
   "pk": 13,
   "fields": {
      "name": "EDXRF",
      "desc": "EDXRF"
   }
},
{
   "model": "booking_portal.instrument",
   "pk": 14,
   "fields": {
      "name": "HPLC",
      "desc": "HPLC"
   }
},
{
   "model": "booking_portal.instrument",
   "pk": 15,
   "fields": {
      "name": "NMR",
      "desc": "NMR"
   }
},
{
   "model": "booking_portal.instrument",
   "pk": 16,
   "fields": {
      "name": "PXRD",
      "desc": "PXRD"
   }
},
{
   "model": "booking_portal.instrument",
   "pk": 17,
   "fields": {
      "name": "SCXRD",
      "desc": "SCXRD"
   }
},
{
   "model": "booking_portal.instrument",
   "pk": 18,
   "fields": {
      "name": "XPS",
      "desc": "XPS"
   }
},
{
   "model": "booking_portal.instrument",
   "pk": 19,
   "fields": {
      "name": "UVSpectrophotometer",
      "desc": "UVSpectrophotometer"
   }
},
{
   "model": "booking_portal.slot",
   "pk": 1,
   "fields": {
      "slot_name": "Slot-1",
      "instrument": 1,
      "status": "S1",
      "date": "2020-03-27",
      "time": "09:00:00"
   }
},
{
   "model": "booking_portal.slot",
   "pk": 2,
   "fields": {
      "slot_name": "Slot-2",
      "instrument": 1,
      "status": "S1",
      "date": "2020-03-28",
      "time": "12:00:00"
   }
},
{
   "model": "booking_portal.slot",
   "pk": 3,
   "fields": {
      "slot_name": "Slot-3",
      "instrument": 2,
      "status": "S1",
      "date": "2020-03-28",
      "time": "14:00:00"
   }
},
{
   "model": "booking_portal.slot",
   "pk": 4,
   "fields": {
      "slot_name": "Slot-4",
      "instrument": 3,
      "status": "S1",
      "date": "2020-03-24",
      "time": "16:00:00"
   }
},
{
   "model": "booking_portal.slot",
   "pk": 5,
   "fields": {
      "slot_name": "Slot-5",
      "instrument": 3,
      "status": "S1",
      "date": "2020-03-30",
      "time": "14:00:00"
   }
},
{
   "model": "booking_portal.slot",
   "pk": 6,
   "fields": {
      "slot_name": "Slot-6",
      "instrument": 4,
      "status": "S1",
      "date": "2020-03-30",
      "time": "10:00:00"
   }
},
{
   "model": "booking_portal.slot",
   "pk": 7,
   "fields": {
      "slot_name": "Slot-7",
      "instrument": 5,
      "status": "S1",
      "date": "2020-03-24",
      "time": "11:02:13"
   }
},
{
   "model": "booking_portal.slot",
   "pk": 8,
   "fields": {
      "slot_name": "Slot-8",
      "instrument": 6,
      "status": "S1",
      "date": "2020-03-25",
      "time": "11:02:43"
   }
},
{
   "model": "booking_portal.slot",
   "pk": 9,
   "fields": {
      "slot_name": "Slot-9",
      "instrument": 7,
      "status": "S1",
      "date": "2020-03-24",
      "time": "11:02:56"
   }
},
{
   "model": "booking_portal.slot",
   "pk": 10,
   "fields": {
      "slot_name": "Slot-10",
      "instrument": 8,
      "status": "S1",
      "date": "2020-03-26",
      "time": "11:03:28"
   }
},
{
   "model": "booking_portal.slot",
   "pk": 11,
   "fields": {
      "slot_name": "Slot-11",
      "instrument": 9,
      "status": "S1",
      "date": "2020-03-28",
      "time": "11:03:43"
   }
},
{
   "model": "booking_portal.slot",
   "pk": 12,
   "fields": {
      "slot_name": "Slot-12",
      "instrument": 10,
      "status": "S1",
      "date": "2020-03-25",
      "time": "11:03:56"
   }
},
{
   "model": "booking_portal.slot",
   "pk": 13,
   "fields": {
      "slot_name": "Slot-13",
      "instrument": 11,
      "status": "S1",
      "date": "2020-03-25",
      "time": "11:04:24"
   }
},
{
   "model": "booking_portal.slot",
   "pk": 14,
   "fields": {
      "slot_name": "Slot-14",
      "instrument": 12,
      "status": "S1",
      "date": "2020-03-25",
      "time": "11:04:36"
   }
},
{
   "model": "booking_portal.slot",
   "pk": 15,
   "fields": {
      "slot_name": "Slot-15",
      "instrument": 13,
      "status": "S1",
      "date": "2020-03-25",
      "time": "11:04:48"
   }
},
{
   "model": "booking_portal.slot",
   "pk": 16,
   "fields": {
      "slot_name": "Slot-16",
      "instrument": 14,
      "status": "S1",
      "date": "2020-03-25",
      "time": "11:05:00"
   }
},
{
   "model": "booking_portal.slot",
   "pk": 17,
   "fields": {
      "slot_name": "Slot-17",
      "instrument": 15,
      "status": "S1",
      "date": "2020-03-26",
      "time": "11:05:32"
   }
},
{
   "model": "booking_portal.slot",
   "pk": 18,
   "fields": {
      "slot_name": "Slot-18",
      "instrument": 16,
      "status": "S1",
      "date": "2020-03-25",
      "time": "11:05:44"
   }
},
{
   "model": "booking_portal.slot",
   "pk": 19,
   "fields": {
      "slot_name": "Slot-19",
      "instrument": 17,
      "status": "S1",
      "date": "2020-03-25",
      "time": "11:05:55"
   }
},
{
   "model": "booking_portal.slot",
   "pk": 20,
   "fields": {
      "slot_name": "Slot-20",
      "instrument": 18,
      "status": "S1",
      "date": "2020-03-26",
      "time": "11:06:08"
   }
},
{
   "model": "booking_portal.slot",
   "pk": 21,
   "fields": {
      "slot_name": "Slot-21",
      "instrument": 19,
      "status": "S1",
      "date": "2020-03-25",
      "time": "11:06:21"
   }
},
{
   "model": "contenttypes.contenttype",
   "pk": 1,
   "fields": {
      "app_label": "booking_portal",
      "model": "customuser"
   }
},
{
   "model": "contenttypes.contenttype",
   "pk": 2,
   "fields": {
      "app_label": "booking_portal",
      "model": "instrument"
   }
},
{
   "model": "contenttypes.contenttype",
   "pk": 3,
   "fields": {
      "app_label": "booking_portal",
      "model": "userdetails"
   }
},
{
   "model": "contenttypes.contenttype",
   "pk": 4,
   "fields": {
      "app_label": "booking_portal",
      "model": "faculty"
   }
},
{
   "model": "contenttypes.contenttype",
   "pk": 5,
   "fields": {
      "app_label": "booking_portal",
      "model": "fesem"
   }
},
{
   "model": "contenttypes.contenttype",
   "pk": 6,
   "fields": {
      "app_label": "booking_portal",
      "model": "ftir"
   }
},
{
   "model": "contenttypes.contenttype",
   "pk": 7,
   "fields": {
      "app_label": "booking_portal",
      "model": "labassistant"
   }
},
{
   "model": "contenttypes.contenttype",
   "pk": 8,
   "fields": {
      "app_label": "booking_portal",
      "model": "lcms"
   }
},
{
   "model": "contenttypes.contenttype",
   "pk": 9,
   "fields": {
      "app_label": "booking_portal",
      "model": "student"
   }
},
{
   "model": "contenttypes.contenttype",
   "pk": 10,
   "fields": {
      "app_label": "booking_portal",
      "model": "tcspc"
   }
},
{
   "model": "contenttypes.contenttype",
   "pk": 11,
   "fields": {
      "app_label": "booking_portal",
      "model": "slot"
   }
},
{
   "model": "contenttypes.contenttype",
   "pk": 12,
   "fields": {
      "app_label": "booking_portal",
      "model": "request"
   }
},
{
   "model": "contenttypes.contenttype",
   "pk": 13,
   "fields": {
      "app_label": "booking_portal",
      "model": "emailmodel"
   }
},
{
   "model": "contenttypes.contenttype",
   "pk": 14,
   "fields": {
      "app_label": "admin",
      "model": "logentry"
   }
},
{
   "model": "contenttypes.contenttype",
   "pk": 15,
   "fields": {
      "app_label": "auth",
      "model": "permission"
   }
},
{
   "model": "contenttypes.contenttype",
   "pk": 16,
   "fields": {
      "app_label": "auth",
      "model": "group"
   }
},
{
   "model": "contenttypes.contenttype",
   "pk": 17,
   "fields": {
      "app_label": "contenttypes",
      "model": "contenttype"
   }
},
{
   "model": "contenttypes.contenttype",
   "pk": 18,
   "fields": {
      "app_label": "sessions",
      "model": "session"
   }
},
{
   "model": "contenttypes.contenttype",
   "pk": 19,
   "fields": {
      "app_label": "booking_portal",
      "model": "tga"
   }
},
{
   "model": "contenttypes.contenttype",
   "pk": 20,
   "fields": {
      "app_label": "booking_portal",
      "model": "aas"
   }
},
{
   "model": "contenttypes.contenttype",
   "pk": 21,
   "fields": {
      "app_label": "booking_portal",
      "model": "rheometer"
   }
},
{
   "model": "contenttypes.contenttype",
   "pk": 22,
   "fields": {
      "app_label": "booking_portal",
      "model": "bet"
   }
},
{
   "model": "contenttypes.contenttype",
   "pk": 23,
   "fields": {
      "app_label": "booking_portal",
      "model": "dsc"
   }
},
{
   "model": "contenttypes.contenttype",
   "pk": 24,
   "fields": {
      "app_label": "booking_portal",
      "model": "lscm"
   }
},
{
   "model": "contenttypes.contenttype",
   "pk": 25,
   "fields": {
      "app_label": "booking_portal",
      "model": "cdspectrophotometer"
   }
},
{
   "model": "contenttypes.contenttype",
   "pk": 26,
   "fields": {
      "app_label": "booking_portal",
      "model": "gc"
   }
},
{
   "model": "contenttypes.contenttype",
   "pk": 27,
   "fields": {
      "app_label": "booking_portal",
      "model": "scxrd"
   }
},
{
   "model": "contenttypes.contenttype",
   "pk": 28,
   "fields": {
      "app_label": "booking_portal",
      "model": "xps"
   }
},
{
   "model": "contenttypes.contenttype",
   "pk": 29,
   "fields": {
      "app_label": "booking_portal",
      "model": "edxrf"
   }
},
{
   "model": "contenttypes.contenttype",
   "pk": 30,
   "fields": {
      "app_label": "booking_portal",
      "model": "nmr"
   }
},
{
   "model": "contenttypes.contenttype",
   "pk": 31,
   "fields": {
      "app_label": "booking_portal",
      "model": "uvspectrophotometer"
   }
},
{
   "model": "contenttypes.contenttype",
   "pk": 32,
   "fields": {
      "app_label": "booking_portal",
      "model": "pxrd"
   }
},
{
   "model": "contenttypes.contenttype",
   "pk": 33,
   "fields": {
      "app_label": "booking_portal",
      "model": "hplc"
   }
},
{
   "model": "sessions.session",
   "pk": "cueepho4a35t2uml804jtl96guq1u019",
   "fields": {
      "session_data": "MGQwYmVlMTk3YzUyYTczMDQyOTA0NTZhMTUzODk4ZWI3ZmMyNmQ0Njp7Il9hdXRoX3VzZXJfaWQiOiIxIiwiX2F1dGhfdXNlcl9iYWNrZW5kIjoiZGphbmdvLmNvbnRyaWIuYXV0aC5iYWNrZW5kcy5Nb2RlbEJhY2tlbmQiLCJfYXV0aF91c2VyX2hhc2giOiIwZjRjYTE5OTY2MWQ5NzRmNjFlZTBkZTRiMDdmZTdiMDA2OGEwMDI2In0=",
      "expire_date": "2020-04-17T10:02:01.044Z"
   }
},
{
   "model": "sessions.session",
   "pk": "ybwqo5oqdq9l0leqr79hmj6e45fjygpj",
   "fields": {
      "session_data": "N2M2MzY2NDhhMDQyZjQwZWQyNjk4MmE2MjhlZmZkMWQ0MjI4OGIyZDp7Il9hdXRoX3VzZXJfaWQiOiIzIiwiX2F1dGhfdXNlcl9iYWNrZW5kIjoiZGphbmdvLmNvbnRyaWIuYXV0aC5iYWNrZW5kcy5Nb2RlbEJhY2tlbmQiLCJfYXV0aF91c2VyX2hhc2giOiI3NGIzMzQwODhkZTNhZjk3MWMyZjJjOWUzMGNjYmYwZDM4OGNmNjQ0In0=",
      "expire_date": "2020-04-04T15:02:11.582Z"
   }
},
{
   "model": "auth.permission",
   "pk": 1,
   "fields": {
      "name": "Can add user",
      "content_type": 1,
      "codename": "add_customuser"
   }
},
{
   "model": "auth.permission",
   "pk": 2,
   "fields": {
      "name": "Can change user",
      "content_type": 1,
      "codename": "change_customuser"
   }
},
{
   "model": "auth.permission",
   "pk": 3,
   "fields": {
      "name": "Can delete user",
      "content_type": 1,
      "codename": "delete_customuser"
   }
},
{
   "model": "auth.permission",
   "pk": 4,
   "fields": {
      "name": "Can view user",
      "content_type": 1,
      "codename": "view_customuser"
   }
},
{
   "model": "auth.permission",
   "pk": 5,
   "fields": {
      "name": "Can add instrument",
      "content_type": 2,
      "codename": "add_instrument"
   }
},
{
   "model": "auth.permission",
   "pk": 6,
   "fields": {
      "name": "Can change instrument",
      "content_type": 2,
      "codename": "change_instrument"
   }
},
{
   "model": "auth.permission",
   "pk": 7,
   "fields": {
      "name": "Can delete instrument",
      "content_type": 2,
      "codename": "delete_instrument"
   }
},
{
   "model": "auth.permission",
   "pk": 8,
   "fields": {
      "name": "Can view instrument",
      "content_type": 2,
      "codename": "view_instrument"
   }
},
{
   "model": "auth.permission",
   "pk": 9,
   "fields": {
      "name": "Can add user details",
      "content_type": 3,
      "codename": "add_userdetails"
   }
},
{
   "model": "auth.permission",
   "pk": 10,
   "fields": {
      "name": "Can change user details",
      "content_type": 3,
      "codename": "change_userdetails"
   }
},
{
   "model": "auth.permission",
   "pk": 11,
   "fields": {
      "name": "Can delete user details",
      "content_type": 3,
      "codename": "delete_userdetails"
   }
},
{
   "model": "auth.permission",
   "pk": 12,
   "fields": {
      "name": "Can view user details",
      "content_type": 3,
      "codename": "view_userdetails"
   }
},
{
   "model": "auth.permission",
   "pk": 13,
   "fields": {
      "name": "Can add faculty",
      "content_type": 4,
      "codename": "add_faculty"
   }
},
{
   "model": "auth.permission",
   "pk": 14,
   "fields": {
      "name": "Can change faculty",
      "content_type": 4,
      "codename": "change_faculty"
   }
},
{
   "model": "auth.permission",
   "pk": 15,
   "fields": {
      "name": "Can delete faculty",
      "content_type": 4,
      "codename": "delete_faculty"
   }
},
{
   "model": "auth.permission",
   "pk": 16,
   "fields": {
      "name": "Can view faculty",
      "content_type": 4,
      "codename": "view_faculty"
   }
},
{
   "model": "auth.permission",
   "pk": 17,
   "fields": {
      "name": "Can add fesem",
      "content_type": 5,
      "codename": "add_fesem"
   }
},
{
   "model": "auth.permission",
   "pk": 18,
   "fields": {
      "name": "Can change fesem",
      "content_type": 5,
      "codename": "change_fesem"
   }
},
{
   "model": "auth.permission",
   "pk": 19,
   "fields": {
      "name": "Can delete fesem",
      "content_type": 5,
      "codename": "delete_fesem"
   }
},
{
   "model": "auth.permission",
   "pk": 20,
   "fields": {
      "name": "Can view fesem",
      "content_type": 5,
      "codename": "view_fesem"
   }
},
{
   "model": "auth.permission",
   "pk": 21,
   "fields": {
      "name": "Can add ftir",
      "content_type": 6,
      "codename": "add_ftir"
   }
},
{
   "model": "auth.permission",
   "pk": 22,
   "fields": {
      "name": "Can change ftir",
      "content_type": 6,
      "codename": "change_ftir"
   }
},
{
   "model": "auth.permission",
   "pk": 23,
   "fields": {
      "name": "Can delete ftir",
      "content_type": 6,
      "codename": "delete_ftir"
   }
},
{
   "model": "auth.permission",
   "pk": 24,
   "fields": {
      "name": "Can view ftir",
      "content_type": 6,
      "codename": "view_ftir"
   }
},
{
   "model": "auth.permission",
   "pk": 25,
   "fields": {
      "name": "Can add lab assistant",
      "content_type": 7,
      "codename": "add_labassistant"
   }
},
{
   "model": "auth.permission",
   "pk": 26,
   "fields": {
      "name": "Can change lab assistant",
      "content_type": 7,
      "codename": "change_labassistant"
   }
},
{
   "model": "auth.permission",
   "pk": 27,
   "fields": {
      "name": "Can delete lab assistant",
      "content_type": 7,
      "codename": "delete_labassistant"
   }
},
{
   "model": "auth.permission",
   "pk": 28,
   "fields": {
      "name": "Can view lab assistant",
      "content_type": 7,
      "codename": "view_labassistant"
   }
},
{
   "model": "auth.permission",
   "pk": 29,
   "fields": {
      "name": "Can add lcms",
      "content_type": 8,
      "codename": "add_lcms"
   }
},
{
   "model": "auth.permission",
   "pk": 30,
   "fields": {
      "name": "Can change lcms",
      "content_type": 8,
      "codename": "change_lcms"
   }
},
{
   "model": "auth.permission",
   "pk": 31,
   "fields": {
      "name": "Can delete lcms",
      "content_type": 8,
      "codename": "delete_lcms"
   }
},
{
   "model": "auth.permission",
   "pk": 32,
   "fields": {
      "name": "Can view lcms",
      "content_type": 8,
      "codename": "view_lcms"
   }
},
{
   "model": "auth.permission",
   "pk": 33,
   "fields": {
      "name": "Can add student",
      "content_type": 9,
      "codename": "add_student"
   }
},
{
   "model": "auth.permission",
   "pk": 34,
   "fields": {
      "name": "Can change student",
      "content_type": 9,
      "codename": "change_student"
   }
},
{
   "model": "auth.permission",
   "pk": 35,
   "fields": {
      "name": "Can delete student",
      "content_type": 9,
      "codename": "delete_student"
   }
},
{
   "model": "auth.permission",
   "pk": 36,
   "fields": {
      "name": "Can view student",
      "content_type": 9,
      "codename": "view_student"
   }
},
{
   "model": "auth.permission",
   "pk": 37,
   "fields": {
      "name": "Can add tcspc",
      "content_type": 10,
      "codename": "add_tcspc"
   }
},
{
   "model": "auth.permission",
   "pk": 38,
   "fields": {
      "name": "Can change tcspc",
      "content_type": 10,
      "codename": "change_tcspc"
   }
},
{
   "model": "auth.permission",
   "pk": 39,
   "fields": {
      "name": "Can delete tcspc",
      "content_type": 10,
      "codename": "delete_tcspc"
   }
},
{
   "model": "auth.permission",
   "pk": 40,
   "fields": {
      "name": "Can view tcspc",
      "content_type": 10,
      "codename": "view_tcspc"
   }
},
{
   "model": "auth.permission",
   "pk": 41,
   "fields": {
      "name": "Can add slot",
      "content_type": 11,
      "codename": "add_slot"
   }
},
{
   "model": "auth.permission",
   "pk": 42,
   "fields": {
      "name": "Can change slot",
      "content_type": 11,
      "codename": "change_slot"
   }
},
{
   "model": "auth.permission",
   "pk": 43,
   "fields": {
      "name": "Can delete slot",
      "content_type": 11,
      "codename": "delete_slot"
   }
},
{
   "model": "auth.permission",
   "pk": 44,
   "fields": {
      "name": "Can view slot",
      "content_type": 11,
      "codename": "view_slot"
   }
},
{
   "model": "auth.permission",
   "pk": 45,
   "fields": {
      "name": "Can add request",
      "content_type": 12,
      "codename": "add_request"
   }
},
{
   "model": "auth.permission",
   "pk": 46,
   "fields": {
      "name": "Can change request",
      "content_type": 12,
      "codename": "change_request"
   }
},
{
   "model": "auth.permission",
   "pk": 47,
   "fields": {
      "name": "Can delete request",
      "content_type": 12,
      "codename": "delete_request"
   }
},
{
   "model": "auth.permission",
   "pk": 48,
   "fields": {
      "name": "Can view request",
      "content_type": 12,
      "codename": "view_request"
   }
},
{
   "model": "auth.permission",
   "pk": 49,
   "fields": {
      "name": "Can add email model",
      "content_type": 13,
      "codename": "add_emailmodel"
   }
},
{
   "model": "auth.permission",
   "pk": 50,
   "fields": {
      "name": "Can change email model",
      "content_type": 13,
      "codename": "change_emailmodel"
   }
},
{
   "model": "auth.permission",
   "pk": 51,
   "fields": {
      "name": "Can delete email model",
      "content_type": 13,
      "codename": "delete_emailmodel"
   }
},
{
   "model": "auth.permission",
   "pk": 52,
   "fields": {
      "name": "Can view email model",
      "content_type": 13,
      "codename": "view_emailmodel"
   }
},
{
   "model": "auth.permission",
   "pk": 53,
   "fields": {
      "name": "Can add log entry",
      "content_type": 14,
      "codename": "add_logentry"
   }
},
{
   "model": "auth.permission",
   "pk": 54,
   "fields": {
      "name": "Can change log entry",
      "content_type": 14,
      "codename": "change_logentry"
   }
},
{
   "model": "auth.permission",
   "pk": 55,
   "fields": {
      "name": "Can delete log entry",
      "content_type": 14,
      "codename": "delete_logentry"
   }
},
{
   "model": "auth.permission",
   "pk": 56,
   "fields": {
      "name": "Can view log entry",
      "content_type": 14,
      "codename": "view_logentry"
   }
},
{
   "model": "auth.permission",
   "pk": 57,
   "fields": {
      "name": "Can add permission",
      "content_type": 15,
      "codename": "add_permission"
   }
},
{
   "model": "auth.permission",
   "pk": 58,
   "fields": {
      "name": "Can change permission",
      "content_type": 15,
      "codename": "change_permission"
   }
},
{
   "model": "auth.permission",
   "pk": 59,
   "fields": {
      "name": "Can delete permission",
      "content_type": 15,
      "codename": "delete_permission"
   }
},
{
   "model": "auth.permission",
   "pk": 60,
   "fields": {
      "name": "Can view permission",
      "content_type": 15,
      "codename": "view_permission"
   }
},
{
   "model": "auth.permission",
   "pk": 61,
   "fields": {
      "name": "Can add group",
      "content_type": 16,
      "codename": "add_group"
   }
},
{
   "model": "auth.permission",
   "pk": 62,
   "fields": {
      "name": "Can change group",
      "content_type": 16,
      "codename": "change_group"
   }
},
{
   "model": "auth.permission",
   "pk": 63,
   "fields": {
      "name": "Can delete group",
      "content_type": 16,
      "codename": "delete_group"
   }
},
{
   "model": "auth.permission",
   "pk": 64,
   "fields": {
      "name": "Can view group",
      "content_type": 16,
      "codename": "view_group"
   }
},
{
   "model": "auth.permission",
   "pk": 65,
   "fields": {
      "name": "Can add content type",
      "content_type": 17,
      "codename": "add_contenttype"
   }
},
{
   "model": "auth.permission",
   "pk": 66,
   "fields": {
      "name": "Can change content type",
      "content_type": 17,
      "codename": "change_contenttype"
   }
},
{
   "model": "auth.permission",
   "pk": 67,
   "fields": {
      "name": "Can delete content type",
      "content_type": 17,
      "codename": "delete_contenttype"
   }
},
{
   "model": "auth.permission",
   "pk": 68,
   "fields": {
      "name": "Can view content type",
      "content_type": 17,
      "codename": "view_contenttype"
   }
},
{
   "model": "auth.permission",
   "pk": 69,
   "fields": {
      "name": "Can add session",
      "content_type": 18,
      "codename": "add_session"
   }
},
{
   "model": "auth.permission",
   "pk": 70,
   "fields": {
      "name": "Can change session",
      "content_type": 18,
      "codename": "change_session"
   }
},
{
   "model": "auth.permission",
   "pk": 71,
   "fields": {
      "name": "Can delete session",
      "content_type": 18,
      "codename": "delete_session"
   }
},
{
   "model": "auth.permission",
   "pk": 72,
   "fields": {
      "name": "Can view session",
      "content_type": 18,
      "codename": "view_session"
   }
},
{
   "model": "auth.permission",
   "pk": 73,
   "fields": {
      "name": "Can add tga",
      "content_type": 19,
      "codename": "add_tga"
   }
},
{
   "model": "auth.permission",
   "pk": 74,
   "fields": {
      "name": "Can change tga",
      "content_type": 19,
      "codename": "change_tga"
   }
},
{
   "model": "auth.permission",
   "pk": 75,
   "fields": {
      "name": "Can delete tga",
      "content_type": 19,
      "codename": "delete_tga"
   }
},
{
   "model": "auth.permission",
   "pk": 76,
   "fields": {
      "name": "Can view tga",
      "content_type": 19,
      "codename": "view_tga"
   }
},
{
   "model": "auth.permission",
   "pk": 77,
   "fields": {
      "name": "Can add aas",
      "content_type": 20,
      "codename": "add_aas"
   }
},
{
   "model": "auth.permission",
   "pk": 78,
   "fields": {
      "name": "Can change aas",
      "content_type": 20,
      "codename": "change_aas"
   }
},
{
   "model": "auth.permission",
   "pk": 79,
   "fields": {
      "name": "Can delete aas",
      "content_type": 20,
      "codename": "delete_aas"
   }
},
{
   "model": "auth.permission",
   "pk": 80,
   "fields": {
      "name": "Can view aas",
      "content_type": 20,
      "codename": "view_aas"
   }
},
{
   "model": "auth.permission",
   "pk": 81,
   "fields": {
      "name": "Can add rheometer",
      "content_type": 21,
      "codename": "add_rheometer"
   }
},
{
   "model": "auth.permission",
   "pk": 82,
   "fields": {
      "name": "Can change rheometer",
      "content_type": 21,
      "codename": "change_rheometer"
   }
},
{
   "model": "auth.permission",
   "pk": 83,
   "fields": {
      "name": "Can delete rheometer",
      "content_type": 21,
      "codename": "delete_rheometer"
   }
},
{
   "model": "auth.permission",
   "pk": 84,
   "fields": {
      "name": "Can view rheometer",
      "content_type": 21,
      "codename": "view_rheometer"
   }
},
{
   "model": "auth.permission",
   "pk": 85,
   "fields": {
      "name": "Can add bet",
      "content_type": 22,
      "codename": "add_bet"
   }
},
{
   "model": "auth.permission",
   "pk": 86,
   "fields": {
      "name": "Can change bet",
      "content_type": 22,
      "codename": "change_bet"
   }
},
{
   "model": "auth.permission",
   "pk": 87,
   "fields": {
      "name": "Can delete bet",
      "content_type": 22,
      "codename": "delete_bet"
   }
},
{
   "model": "auth.permission",
   "pk": 88,
   "fields": {
      "name": "Can view bet",
      "content_type": 22,
      "codename": "view_bet"
   }
},
{
   "model": "auth.permission",
   "pk": 89,
   "fields": {
      "name": "Can add dsc",
      "content_type": 23,
      "codename": "add_dsc"
   }
},
{
   "model": "auth.permission",
   "pk": 90,
   "fields": {
      "name": "Can change dsc",
      "content_type": 23,
      "codename": "change_dsc"
   }
},
{
   "model": "auth.permission",
   "pk": 91,
   "fields": {
      "name": "Can delete dsc",
      "content_type": 23,
      "codename": "delete_dsc"
   }
},
{
   "model": "auth.permission",
   "pk": 92,
   "fields": {
      "name": "Can view dsc",
      "content_type": 23,
      "codename": "view_dsc"
   }
},
{
   "model": "auth.permission",
   "pk": 93,
   "fields": {
      "name": "Can add lscm",
      "content_type": 24,
      "codename": "add_lscm"
   }
},
{
   "model": "auth.permission",
   "pk": 94,
   "fields": {
      "name": "Can change lscm",
      "content_type": 24,
      "codename": "change_lscm"
   }
},
{
   "model": "auth.permission",
   "pk": 95,
   "fields": {
      "name": "Can delete lscm",
      "content_type": 24,
      "codename": "delete_lscm"
   }
},
{
   "model": "auth.permission",
   "pk": 96,
   "fields": {
      "name": "Can view lscm",
      "content_type": 24,
      "codename": "view_lscm"
   }
},
{
   "model": "auth.permission",
   "pk": 97,
   "fields": {
      "name": "Can add cd spectrophotometer",
      "content_type": 25,
      "codename": "add_cdspectrophotometer"
   }
},
{
   "model": "auth.permission",
   "pk": 98,
   "fields": {
      "name": "Can change cd spectrophotometer",
      "content_type": 25,
      "codename": "change_cdspectrophotometer"
   }
},
{
   "model": "auth.permission",
   "pk": 99,
   "fields": {
      "name": "Can delete cd spectrophotometer",
      "content_type": 25,
      "codename": "delete_cdspectrophotometer"
   }
},
{
   "model": "auth.permission",
   "pk": 100,
   "fields": {
      "name": "Can view cd spectrophotometer",
      "content_type": 25,
      "codename": "view_cdspectrophotometer"
   }
},
{
   "model": "auth.permission",
   "pk": 101,
   "fields": {
      "name": "Can add gc",
      "content_type": 26,
      "codename": "add_gc"
   }
},
{
   "model": "auth.permission",
   "pk": 102,
   "fields": {
      "name": "Can change gc",
      "content_type": 26,
      "codename": "change_gc"
   }
},
{
   "model": "auth.permission",
   "pk": 103,
   "fields": {
      "name": "Can delete gc",
      "content_type": 26,
      "codename": "delete_gc"
   }
},
{
   "model": "auth.permission",
   "pk": 104,
   "fields": {
      "name": "Can view gc",
      "content_type": 26,
      "codename": "view_gc"
   }
},
{
   "model": "auth.permission",
   "pk": 105,
   "fields": {
      "name": "Can add scxrd",
      "content_type": 27,
      "codename": "add_scxrd"
   }
},
{
   "model": "auth.permission",
   "pk": 106,
   "fields": {
      "name": "Can change scxrd",
      "content_type": 27,
      "codename": "change_scxrd"
   }
},
{
   "model": "auth.permission",
   "pk": 107,
   "fields": {
      "name": "Can delete scxrd",
      "content_type": 27,
      "codename": "delete_scxrd"
   }
},
{
   "model": "auth.permission",
   "pk": 108,
   "fields": {
      "name": "Can view scxrd",
      "content_type": 27,
      "codename": "view_scxrd"
   }
},
{
   "model": "auth.permission",
   "pk": 109,
   "fields": {
      "name": "Can add xps",
      "content_type": 28,
      "codename": "add_xps"
   }
},
{
   "model": "auth.permission",
   "pk": 110,
   "fields": {
      "name": "Can change xps",
      "content_type": 28,
      "codename": "change_xps"
   }
},
{
   "model": "auth.permission",
   "pk": 111,
   "fields": {
      "name": "Can delete xps",
      "content_type": 28,
      "codename": "delete_xps"
   }
},
{
   "model": "auth.permission",
   "pk": 112,
   "fields": {
      "name": "Can view xps",
      "content_type": 28,
      "codename": "view_xps"
   }
},
{
   "model": "auth.permission",
   "pk": 113,
   "fields": {
      "name": "Can add edxrf",
      "content_type": 29,
      "codename": "add_edxrf"
   }
},
{
   "model": "auth.permission",
   "pk": 114,
   "fields": {
      "name": "Can change edxrf",
      "content_type": 29,
      "codename": "change_edxrf"
   }
},
{
   "model": "auth.permission",
   "pk": 115,
   "fields": {
      "name": "Can delete edxrf",
      "content_type": 29,
      "codename": "delete_edxrf"
   }
},
{
   "model": "auth.permission",
   "pk": 116,
   "fields": {
      "name": "Can view edxrf",
      "content_type": 29,
      "codename": "view_edxrf"
   }
},
{
   "model": "auth.permission",
   "pk": 117,
   "fields": {
      "name": "Can add nmr",
      "content_type": 30,
      "codename": "add_nmr"
   }
},
{
   "model": "auth.permission",
   "pk": 118,
   "fields": {
      "name": "Can change nmr",
      "content_type": 30,
      "codename": "change_nmr"
   }
},
{
   "model": "auth.permission",
   "pk": 119,
   "fields": {
      "name": "Can delete nmr",
      "content_type": 30,
      "codename": "delete_nmr"
   }
},
{
   "model": "auth.permission",
   "pk": 120,
   "fields": {
      "name": "Can view nmr",
      "content_type": 30,
      "codename": "view_nmr"
   }
},
{
   "model": "auth.permission",
   "pk": 121,
   "fields": {
      "name": "Can add uv spectrophotometer",
      "content_type": 31,
      "codename": "add_uvspectrophotometer"
   }
},
{
   "model": "auth.permission",
   "pk": 122,
   "fields": {
      "name": "Can change uv spectrophotometer",
      "content_type": 31,
      "codename": "change_uvspectrophotometer"
   }
},
{
   "model": "auth.permission",
   "pk": 123,
   "fields": {
      "name": "Can delete uv spectrophotometer",
      "content_type": 31,
      "codename": "delete_uvspectrophotometer"
   }
},
{
   "model": "auth.permission",
   "pk": 124,
   "fields": {
      "name": "Can view uv spectrophotometer",
      "content_type": 31,
      "codename": "view_uvspectrophotometer"
   }
},
{
   "model": "auth.permission",
   "pk": 125,
   "fields": {
      "name": "Can add pxrd",
      "content_type": 32,
      "codename": "add_pxrd"
   }
},
{
   "model": "auth.permission",
   "pk": 126,
   "fields": {
      "name": "Can change pxrd",
      "content_type": 32,
      "codename": "change_pxrd"
   }
},
{
   "model": "auth.permission",
   "pk": 127,
   "fields": {
      "name": "Can delete pxrd",
      "content_type": 32,
      "codename": "delete_pxrd"
   }
},
{
   "model": "auth.permission",
   "pk": 128,
   "fields": {
      "name": "Can view pxrd",
      "content_type": 32,
      "codename": "view_pxrd"
   }
},
{
   "model": "auth.permission",
   "pk": 129,
   "fields": {
      "name": "Can add hplc",
      "content_type": 33,
      "codename": "add_hplc"
   }
},
{
   "model": "auth.permission",
   "pk": 130,
   "fields": {
      "name": "Can change hplc",
      "content_type": 33,
      "codename": "change_hplc"
   }
},
{
   "model": "auth.permission",
   "pk": 131,
   "fields": {
      "name": "Can delete hplc",
      "content_type": 33,
      "codename": "delete_hplc"
   }
},
{
   "model": "auth.permission",
   "pk": 132,
   "fields": {
      "name": "Can view hplc",
      "content_type": 33,
      "codename": "view_hplc"
   }
},
{
   "model": "booking_portal.customuser",
   "pk": 1,
   "fields": {
      "password": "pbkdf2_sha256$180000$JqssBNlSGloQ$3PJNZWDnennjwTFqtelLxgswfFdOiHmlwXOmcnMyCQQ=",
      "last_login": "2020-04-03T07:55:23.296Z",
      "is_superuser": true,
      "username": "admin",
      "first_name": "",
      "last_name": "",
      "email": "admin@example.com",
      "is_staff": true,
      "is_active": true,
      "date_joined": "2020-03-21T05:53:45.917Z",
      "name": "",
      "groups": [],
      "user_permissions": []
   }
},
{
   "model": "booking_portal.customuser",
   "pk": 2,
   "fields": {
      "password": "pbkdf2_sha256$180000$h6ymq8X85Kc9$F46wW+csScmPjQ8tSS13DoO5RXxjq7Oy5rqwQ3EMeeA=",
      "last_login": "2020-03-21T14:51:43.861Z",
      "is_superuser": false,
      "username": "daksh",
      "first_name": "Daksh",
      "last_name": "Yashlaha",
      "email": "f20170218@hyderabad.bits-pilani.ac.in",
      "is_staff": false,
      "is_active": true,
      "date_joined": "2020-03-21T05:56:06Z",
      "name": "",
      "groups": [],
      "user_permissions": []
   }
},
{
   "model": "booking_portal.customuser",
   "pk": 3,
   "fields": {
      "password": "pbkdf2_sha256$180000$HirvzZjZ3Slp$xIMXHA5sO4642zWGyfKILM1RlgXiZC4IaFwUPYm5mIc=",
      "last_login": "2020-03-23T04:40:21.846Z",
      "is_superuser": false,
      "username": "ujjwal",
      "first_name": "Ujjwal",
      "last_name": "Raizada",
      "email": "f20171398@hyderabad.bits-pilani.ac.in",
      "is_staff": false,
      "is_active": true,
      "date_joined": "2020-03-21T05:57:39Z",
      "name": "",
      "groups": [],
      "user_permissions": []
   }
},
{
   "model": "booking_portal.customuser",
   "pk": 4,
   "fields": {
      "password": "pbkdf2_sha256$180000$Ns8fBJL5bMne$pY+H1MIMvdI+/8O0UqZZRVFJoT57Ppo04ofk/drCRnI=",
      "last_login": null,
      "is_superuser": false,
      "username": "pranjal",
      "first_name": "Pranjal",
      "last_name": "Gupta",
      "email": "f20170124@hyderabad.bits-pilani.ac.in",
      "is_staff": false,
      "is_active": true,
      "date_joined": "2020-03-21T05:58:25Z",
      "name": "",
      "groups": [],
      "user_permissions": []
   }
},
{
   "model": "booking_portal.student",
   "pk": 3,
   "fields": {
      "id_number": ""
   }
},
{
   "model": "booking_portal.faculty",
   "pk": 2,
   "fields": {}
},
{
   "model": "booking_portal.labassistant",
   "pk": 4,
   "fields": {}
},
{
   "model": "admin.logentry",
   "pk": 1,
   "fields": {
      "action_time": "2020-03-21T05:56:07.003Z",
      "user": 1,
      "content_type": 4,
      "object_id": "2",
      "object_repr": " (daks)",
      "action_flag": 1,
      "change_message": "[{\"added\": {}}]"
   }
},
{
   "model": "admin.logentry",
   "pk": 2,
   "fields": {
      "action_time": "2020-03-21T05:56:45.154Z",
      "user": 1,
      "content_type": 4,
      "object_id": "2",
      "object_repr": " (daks)",
      "action_flag": 2,
      "change_message": "[{\"changed\": {\"fields\": [\"First name\", \"Last name\", \"Email address\"]}}]"
   }
},
{
   "model": "admin.logentry",
   "pk": 3,
   "fields": {
      "action_time": "2020-03-21T05:57:39.439Z",
      "user": 1,
      "content_type": 9,
      "object_id": "3",
      "object_repr": " (ujjwa)",
      "action_flag": 1,
      "change_message": "[{\"added\": {}}]"
   }
},
{
   "model": "admin.logentry",
   "pk": 4,
   "fields": {
      "action_time": "2020-03-21T05:57:55.248Z",
      "user": 1,
      "content_type": 9,
      "object_id": "3",
      "object_repr": " (ujjwa)",
      "action_flag": 2,
      "change_message": "[{\"changed\": {\"fields\": [\"First name\", \"Last name\", \"Email address\"]}}]"
   }
},
{
   "model": "admin.logentry",
   "pk": 5,
   "fields": {
      "action_time": "2020-03-21T05:58:25.691Z",
      "user": 1,
      "content_type": 7,
      "object_id": "4",
      "object_repr": " (pranja)",
      "action_flag": 1,
      "change_message": "[{\"added\": {}}]"
   }
},
{
   "model": "admin.logentry",
   "pk": 6,
   "fields": {
      "action_time": "2020-03-21T05:58:41.579Z",
      "user": 1,
      "content_type": 7,
      "object_id": "4",
      "object_repr": " (pranja)",
      "action_flag": 2,
      "change_message": "[{\"changed\": {\"fields\": [\"First name\", \"Last name\", \"Email address\"]}}]"
   }
},
{
   "model": "admin.logentry",
   "pk": 7,
   "fields": {
      "action_time": "2020-03-21T06:01:20.247Z",
      "user": 1,
      "content_type": 2,
      "object_id": "1",
      "object_repr": "FESEM",
      "action_flag": 1,
      "change_message": "[{\"added\": {}}]"
   }
},
{
   "model": "admin.logentry",
   "pk": 8,
   "fields": {
      "action_time": "2020-03-21T06:01:33.970Z",
      "user": 1,
      "content_type": 2,
      "object_id": "2",
      "object_repr": "TCS-PC",
      "action_flag": 1,
      "change_message": "[{\"added\": {}}]"
   }
},
{
   "model": "admin.logentry",
   "pk": 9,
   "fields": {
      "action_time": "2020-03-21T06:01:44.625Z",
      "user": 1,
      "content_type": 2,
      "object_id": "3",
      "object_repr": "FTIR",
      "action_flag": 1,
      "change_message": "[{\"added\": {}}]"
   }
},
{
   "model": "admin.logentry",
   "pk": 10,
   "fields": {
      "action_time": "2020-03-21T06:01:56.054Z",
      "user": 1,
      "content_type": 2,
      "object_id": "4",
      "object_repr": "LCMS",
      "action_flag": 1,
      "change_message": "[{\"added\": {}}]"
   }
},
{
   "model": "admin.logentry",
   "pk": 11,
   "fields": {
      "action_time": "2020-03-21T06:02:42.143Z",
      "user": 1,
      "content_type": 11,
      "object_id": "1",
      "object_repr": "2020-03-27 09:00:00",
      "action_flag": 1,
      "change_message": "[{\"added\": {}}]"
   }
},
{
   "model": "admin.logentry",
   "pk": 12,
   "fields": {
      "action_time": "2020-03-21T06:03:07.108Z",
      "user": 1,
      "content_type": 11,
      "object_id": "2",
      "object_repr": "2020-03-28 12:00:00",
      "action_flag": 1,
      "change_message": "[{\"added\": {}}]"
   }
},
{
   "model": "admin.logentry",
   "pk": 13,
   "fields": {
      "action_time": "2020-03-21T06:03:26.656Z",
      "user": 1,
      "content_type": 11,
      "object_id": "3",
      "object_repr": "2020-03-28 14:00:00",
      "action_flag": 1,
      "change_message": "[{\"added\": {}}]"
   }
},
{
   "model": "admin.logentry",
   "pk": 14,
   "fields": {
      "action_time": "2020-03-21T06:03:48.357Z",
      "user": 1,
      "content_type": 11,
      "object_id": "4",
      "object_repr": "2020-03-24 16:00:00",
      "action_flag": 1,
      "change_message": "[{\"added\": {}}]"
   }
},
{
   "model": "admin.logentry",
   "pk": 15,
   "fields": {
      "action_time": "2020-03-21T06:04:08.611Z",
      "user": 1,
      "content_type": 11,
      "object_id": "5",
      "object_repr": "2020-03-30 14:00:00",
      "action_flag": 1,
      "change_message": "[{\"added\": {}}]"
   }
},
{
   "model": "admin.logentry",
   "pk": 16,
   "fields": {
      "action_time": "2020-03-21T06:04:28.747Z",
      "user": 1,
      "content_type": 11,
      "object_id": "6",
      "object_repr": "2020-03-30 10:00:00",
      "action_flag": 1,
      "change_message": "[{\"added\": {}}]"
   }
},
{
   "model": "admin.logentry",
   "pk": 17,
   "fields": {
      "action_time": "2020-03-21T14:46:12.212Z",
      "user": 1,
      "content_type": 2,
      "object_id": "5",
      "object_repr": "Rheometer",
      "action_flag": 1,
      "change_message": "[{\"added\": {}}]"
   }
},
{
   "model": "admin.logentry",
   "pk": 18,
   "fields": {
      "action_time": "2020-03-21T14:49:30.212Z",
      "user": 1,
      "content_type": 2,
      "object_id": "6",
      "object_repr": "AAS",
      "action_flag": 1,
      "change_message": "[{\"added\": {}}]"
   }
},
{
   "model": "admin.logentry",
   "pk": 19,
   "fields": {
      "action_time": "2020-03-21T14:49:54.619Z",
      "user": 1,
      "content_type": 2,
      "object_id": "7",
      "object_repr": "TGA",
      "action_flag": 1,
      "change_message": "[{\"added\": {}}]"
   }
},
{
   "model": "admin.logentry",
   "pk": 20,
   "fields": {
      "action_time": "2020-03-21T14:50:34.759Z",
      "user": 1,
      "content_type": 2,
      "object_id": "8",
      "object_repr": "BET",
      "action_flag": 1,
      "change_message": "[{\"added\": {}}]"
   }
},
{
   "model": "admin.logentry",
   "pk": 21,
   "fields": {
      "action_time": "2020-03-22T10:46:05.957Z",
      "user": 1,
      "content_type": 2,
      "object_id": "9",
      "object_repr": "CDSpectrophotometer",
      "action_flag": 1,
      "change_message": "[{\"added\": {}}]"
   }
},
{
   "model": "admin.logentry",
   "pk": 22,
   "fields": {
      "action_time": "2020-03-22T10:46:21.002Z",
      "user": 1,
      "content_type": 2,
      "object_id": "10",
      "object_repr": "LSCM",
      "action_flag": 1,
      "change_message": "[{\"added\": {}}]"
   }
},
{
   "model": "admin.logentry",
   "pk": 23,
   "fields": {
      "action_time": "2020-03-22T10:49:51.239Z",
      "user": 1,
      "content_type": 2,
      "object_id": "11",
      "object_repr": "DSC",
      "action_flag": 1,
      "change_message": "[{\"added\": {}}]"
   }
},
{
   "model": "admin.logentry",
   "pk": 24,
   "fields": {
      "action_time": "2020-03-22T10:50:48.333Z",
      "user": 1,
      "content_type": 2,
      "object_id": "12",
      "object_repr": "GC",
      "action_flag": 1,
      "change_message": "[{\"added\": {}}]"
   }
},
{
   "model": "admin.logentry",
   "pk": 25,
   "fields": {
      "action_time": "2020-03-22T10:51:21.250Z",
      "user": 1,
      "content_type": 2,
      "object_id": "13",
      "object_repr": "EDXRF",
      "action_flag": 1,
      "change_message": "[{\"added\": {}}]"
   }
},
{
   "model": "admin.logentry",
   "pk": 26,
   "fields": {
      "action_time": "2020-03-22T11:00:52.609Z",
      "user": 1,
      "content_type": 2,
      "object_id": "14",
      "object_repr": "HPLC",
      "action_flag": 1,
      "change_message": "[{\"added\": {}}]"
   }
},
{
   "model": "admin.logentry",
   "pk": 27,
   "fields": {
      "action_time": "2020-03-22T11:01:05.101Z",
      "user": 1,
      "content_type": 2,
      "object_id": "15",
      "object_repr": "NMR",
      "action_flag": 1,
      "change_message": "[{\"added\": {}}]"
   }
},
{
   "model": "admin.logentry",
   "pk": 28,
   "fields": {
      "action_time": "2020-03-22T11:01:13.311Z",
      "user": 1,
      "content_type": 2,
      "object_id": "16",
      "object_repr": "PXRD",
      "action_flag": 1,
      "change_message": "[{\"added\": {}}]"
   }
},
{
   "model": "admin.logentry",
   "pk": 29,
   "fields": {
      "action_time": "2020-03-22T11:01:26.947Z",
      "user": 1,
      "content_type": 2,
      "object_id": "17",
      "object_repr": "SCXRD",
      "action_flag": 1,
      "change_message": "[{\"added\": {}}]"
   }
},
{
   "model": "admin.logentry",
   "pk": 30,
   "fields": {
      "action_time": "2020-03-22T11:01:32.916Z",
      "user": 1,
      "content_type": 2,
      "object_id": "18",
      "object_repr": "XPS",
      "action_flag": 1,
      "change_message": "[{\"added\": {}}]"
   }
},
{
   "model": "admin.logentry",
   "pk": 31,
   "fields": {
      "action_time": "2020-03-22T11:01:45.115Z",
      "user": 1,
      "content_type": 2,
      "object_id": "19",
      "object_repr": "UVSpectrophotometer",
      "action_flag": 1,
      "change_message": "[{\"added\": {}}]"
   }
},
{
   "model": "admin.logentry",
   "pk": 32,
   "fields": {
      "action_time": "2020-03-22T11:02:14.876Z",
      "user": 1,
      "content_type": 11,
      "object_id": "7",
      "object_repr": "2020-03-22 11:02:13",
      "action_flag": 1,
      "change_message": "[{\"added\": {}}]"
   }
},
{
   "model": "admin.logentry",
   "pk": 33,
   "fields": {
      "action_time": "2020-03-22T11:02:30.008Z",
      "user": 1,
      "content_type": 11,
      "object_id": "7",
      "object_repr": "2020-03-24 11:02:13",
      "action_flag": 2,
      "change_message": "[{\"changed\": {\"fields\": [\"Date\"]}}]"
   }
},
{
   "model": "admin.logentry",
   "pk": 34,
   "fields": {
      "action_time": "2020-03-22T11:02:44.752Z",
      "user": 1,
      "content_type": 11,
      "object_id": "8",
      "object_repr": "2020-03-25 11:02:43",
      "action_flag": 1,
      "change_message": "[{\"added\": {}}]"
   }
},
{
   "model": "admin.logentry",
   "pk": 35,
   "fields": {
      "action_time": "2020-03-22T11:02:57.098Z",
      "user": 1,
      "content_type": 11,
      "object_id": "9",
      "object_repr": "2020-03-24 11:02:56",
      "action_flag": 1,
      "change_message": "[{\"added\": {}}]"
   }
},
{
   "model": "admin.logentry",
   "pk": 36,
   "fields": {
      "action_time": "2020-03-22T11:03:30.444Z",
      "user": 1,
      "content_type": 11,
      "object_id": "10",
      "object_repr": "2020-03-26 11:03:28",
      "action_flag": 1,
      "change_message": "[{\"added\": {}}]"
   }
},
{
   "model": "admin.logentry",
   "pk": 37,
   "fields": {
      "action_time": "2020-03-22T11:03:44.555Z",
      "user": 1,
      "content_type": 11,
      "object_id": "11",
      "object_repr": "2020-03-28 11:03:43",
      "action_flag": 1,
      "change_message": "[{\"added\": {}}]"
   }
},
{
   "model": "admin.logentry",
   "pk": 38,
   "fields": {
      "action_time": "2020-03-22T11:03:57.504Z",
      "user": 1,
      "content_type": 11,
      "object_id": "12",
      "object_repr": "2020-03-25 11:03:56",
      "action_flag": 1,
      "change_message": "[{\"added\": {}}]"
   }
},
{
   "model": "admin.logentry",
   "pk": 39,
   "fields": {
      "action_time": "2020-03-22T11:04:25.437Z",
      "user": 1,
      "content_type": 11,
      "object_id": "13",
      "object_repr": "2020-03-25 11:04:24",
      "action_flag": 1,
      "change_message": "[{\"added\": {}}]"
   }
},
{
   "model": "admin.logentry",
   "pk": 40,
   "fields": {
      "action_time": "2020-03-22T11:04:37.434Z",
      "user": 1,
      "content_type": 11,
      "object_id": "14",
      "object_repr": "2020-03-25 11:04:36",
      "action_flag": 1,
      "change_message": "[{\"added\": {}}]"
   }
},
{
   "model": "admin.logentry",
   "pk": 41,
   "fields": {
      "action_time": "2020-03-22T11:04:49.459Z",
      "user": 1,
      "content_type": 11,
      "object_id": "15",
      "object_repr": "2020-03-25 11:04:48",
      "action_flag": 1,
      "change_message": "[{\"added\": {}}]"
   }
},
{
   "model": "admin.logentry",
   "pk": 42,
   "fields": {
      "action_time": "2020-03-22T11:05:01.557Z",
      "user": 1,
      "content_type": 11,
      "object_id": "16",
      "object_repr": "2020-03-25 11:05:00",
      "action_flag": 1,
      "change_message": "[{\"added\": {}}]"
   }
},
{
   "model": "admin.logentry",
   "pk": 43,
   "fields": {
      "action_time": "2020-03-22T11:05:33.846Z",
      "user": 1,
      "content_type": 11,
      "object_id": "17",
      "object_repr": "2020-03-26 11:05:32",
      "action_flag": 1,
      "change_message": "[{\"added\": {}}]"
   }
},
{
   "model": "admin.logentry",
   "pk": 44,
   "fields": {
      "action_time": "2020-03-22T11:05:45.468Z",
      "user": 1,
      "content_type": 11,
      "object_id": "18",
      "object_repr": "2020-03-25 11:05:44",
      "action_flag": 1,
      "change_message": "[{\"added\": {}}]"
   }
},
{
   "model": "admin.logentry",
   "pk": 45,
   "fields": {
      "action_time": "2020-03-22T11:05:57.668Z",
      "user": 1,
      "content_type": 11,
      "object_id": "19",
      "object_repr": "2020-03-25 11:05:55",
      "action_flag": 1,
      "change_message": "[{\"added\": {}}]"
   }
},
{
   "model": "admin.logentry",
   "pk": 46,
   "fields": {
      "action_time": "2020-03-22T11:06:10.280Z",
      "user": 1,
      "content_type": 11,
      "object_id": "20",
      "object_repr": "2020-03-26 11:06:08",
      "action_flag": 1,
      "change_message": "[{\"added\": {}}]"
   }
},
{
   "model": "admin.logentry",
   "pk": 47,
   "fields": {
      "action_time": "2020-03-22T11:06:22.392Z",
      "user": 1,
      "content_type": 11,
      "object_id": "21",
      "object_repr": "2020-03-25 11:06:21",
      "action_flag": 1,
      "change_message": "[{\"added\": {}}]"
   }
},
{
   "model": "admin.logentry",
   "pk": 48,
   "fields": {
      "action_time": "2020-04-03T10:01:09.151Z",
      "user": 1,
      "content_type": 4,
      "object_id": "2",
      "object_repr": " (daks)",
      "action_flag": 2,
      "change_message": "[{\"changed\": {\"fields\": [\"password\"]}}]"
   }
},
{
   "model": "admin.logentry",
   "pk": 49,
   "fields": {
      "action_time": "2020-04-03T10:01:34.682Z",
      "user": 1,
      "content_type": 7,
      "object_id": "4",
      "object_repr": " (pranja)",
      "action_flag": 2,
      "change_message": "[{\"changed\": {\"fields\": [\"password\"]}}]"
   }
},
{
   "model": "admin.logentry",
   "pk": 50,
   "fields": {
      "action_time": "2020-04-03T10:02:00.705Z",
      "user": 1,
      "content_type": 9,
      "object_id": "3",
      "object_repr": " (ujjwa)",
      "action_flag": 2,
      "change_message": "[{\"changed\": {\"fields\": [\"password\"]}}]"
   }
}
]
